<?xml version="1.0" encoding="UTF-8"?>
<project-private xmlns="http://www.netbeans.org/ns/project-private/1">
    <editor-bookmarks xmlns="http://www.netbeans.org/ns/editor-bookmarks/2" lastBookmarkId="0"/>
    <open-files xmlns="http://www.netbeans.org/ns/projectui-open-files/2">
        <group>
            <file>file:/C:/Users/phong/OneDrive/Documents/IA1904/PRO192/Workshop/Workshop_4/SE184915_NguyenHoangThanhPhong_WS04/Q2/src/src/Daisy.java</file>
            <file>file:/C:/Users/phong/OneDrive/Documents/IA1904/PRO192/Workshop/Workshop_4/SE184915_NguyenHoangThanhPhong_WS04/Q2/src/src/Flower.java</file>
        </group>
    </open-files>
</project-private>
